image_name,vehicle_count,Pedestrian_count,congestion
7d06fefd-f7be05a6.jpg,9,0,LOW
7d128593-0ccfea4c.jpg,3,0,LOW
7d15b18b-1e0d6e3f.jpg,6,0,LOW
7d209219-ccdc1a09.jpg,5,0,LOW
7d22891c-224788c0.jpg,3,0,LOW
7d2f7975-e0c1c5a7.jpg,7,0,LOW
7d35e395-ae41f911.jpg,0,0,LOW
7d4a9094-0455564b.jpg,11,0,Medium
7d5040af-1a6f933f.jpg,9,0,LOW
7d6c1119-00000000.jpg,16,1,Medium
7d6eb8b3-208131ff.jpg,0,0,LOW
7d83710e-4697c3b2.jpg,16,0,Medium
7d89b471-5b76bdb4.jpg,5,0,LOW
7d97d173-09388af3.jpg,0,1,LOW
7daa6479-67988f3f.jpg,4,1,LOW
7dc08598-f42e2015.jpg,6,1,LOW
7dca6982-6971d025.jpg,0,0,LOW
7dd1669f-5a249967.jpg,10,1,Medium
7de0a101-68335d0a.jpg,8,0,LOW
7de7130e-3d65b555.jpg,10,0,Medium
7df23ae0-00000000.jpg,14,0,Medium
7e1a88c5-66aa091b.jpg,2,0,LOW
7e23ea75-4e570000.jpg,5,0,LOW
7e23ea75-4e570001.jpg,6,0,LOW
7e23ea75-c9f30000.jpg,3,0,LOW
7e23ea75-c9f30001.jpg,4,0,LOW
7e23ea75-d0830001.jpg,2,0,LOW
7e365190-9193658c.jpg,0,0,LOW
7e5ef657-00000000.jpg,1,0,LOW
7e5ef657-a9ad0000.jpg,1,0,LOW
7e5ef657-a9ad0001.jpg,2,0,LOW
7e788ad5-00000000.jpg,4,0,LOW
7ea0c1bd-fe29369b.jpg,3,0,LOW
7ea536cf-9cb2ed5f.jpg,3,0,LOW
7eb52e47-49584e13.jpg,12,1,Medium
7eb7131c-420e1747.jpg,3,0,LOW
7ec0c9b1-00000000.jpg,12,0,Medium
7ed0f644-ac730000.jpg,1,0,LOW
7ed0f644-ac730001.jpg,1,0,LOW
7ed63746-764b90a2.jpg,14,1,Medium
7ee1bbce-57ed1f51.jpg,1,0,LOW
7ee2f122-4dbd9d07.jpg,4,1,LOW
7ee5d536-808b2dd5.jpg,3,0,LOW
7ee6d192-89e2408b.jpg,2,0,LOW
7ef46d23-00000000.jpg,8,0,LOW
7ef50949-51640000.jpg,9,0,LOW
7ef50949-51640001.jpg,7,0,LOW
7efc3f4d-00000000.jpg,7,0,LOW
7f0b6105-00000000.jpg,3,0,LOW
7f121a33-526f912b.jpg,1,0,LOW
7f15d319-36d724e0.jpg,5,4,LOW
7f1d11ea-fdf50000.jpg,3,0,LOW
7f1d11ea-fdf50001.jpg,6,0,LOW
7f2b8da2-00000000.jpg,9,0,LOW
7f3656b9-ef39e56d.jpg,5,0,LOW
7f3aaedc-2e9794e9.jpg,8,0,LOW
7f3e29de-694ee983.jpg,14,0,Medium
7f92cc43-edf59deb.jpg,4,0,LOW
7f9b5613-3947db2f.jpg,1,0,LOW
7ff455ce-00000000.jpg,8,0,LOW
802a25f8-ebab0cb7.jpg,14,0,Medium
802fc65c-d32f4149.jpg,0,0,LOW
8082ea05-1a7bf2c4.jpg,3,0,LOW
808ff399-54ea36d7.jpg,6,0,LOW
808ff399-79b2c310.jpg,6,0,LOW
808ff399-ad8116e6.jpg,2,0,LOW
808ff399-cc0e1d16.jpg,5,2,LOW
808ff399-d8e0068e.jpg,6,0,LOW
808ff399-edf24092.jpg,4,0,LOW
80985724-bc3fece0.jpg,2,2,LOW
809e623c-00000000.jpg,4,0,LOW
80a9e37d-e4548ac1.jpg,4,0,LOW
80b25f81-00000000.jpg,17,0,Medium
80c62ee8-636d6d0f.jpg,4,0,LOW
80c62ee8-6713b97e.jpg,7,0,LOW
80c62ee8-84822a04.jpg,4,2,LOW
80c62ee8-939a36b4.jpg,5,2,LOW
80c62ee8-96e3f3bf.jpg,3,0,LOW
80c62ee8-9c3c737d.jpg,8,3,LOW
80c62ee8-b7c5abcc.jpg,6,0,LOW
80c62ee8-d2174278.jpg,6,8,LOW
80c62ee8-d23ef245.jpg,8,0,LOW
80c62ee8-ea922c80.jpg,7,4,LOW
80c69c6d-c504878b.jpg,7,0,LOW
80d076fe-4bba34cb.jpg,7,0,LOW
80d30cb7-c84ab346.jpg,6,0,LOW
80f308d1-e30a628d.jpg,19,0,Medium
810f57d0-00000000.jpg,16,1,Medium
8114e021-00000000.jpg,2,2,LOW
8119e56e-00000000.jpg,12,0,Medium
81333f19-00000000.jpg,3,0,LOW
816b1141-00000000.jpg,7,0,LOW
817bca71-00000000.jpg,3,0,LOW
817f730e-410c320c.jpg,9,0,LOW
81a3df53-26d7a2c7.jpg,7,0,LOW
81a3df53-a7cf2d9b.jpg,6,1,LOW
81a749be-2291617d.jpg,2,1,LOW
81ae7cbb-6bc63a4a.jpg,0,0,LOW
81c893f6-127e8cb0.jpg,6,0,LOW
81cd9c75-00000000.jpg,8,1,LOW
81d5165d-fcfc6c67.jpg,3,2,LOW
81ef1126-8b611993.jpg,3,0,LOW
81f59cb8-3bfd8a02.jpg,5,0,LOW
821e597a-b29f6f56.jpg,2,0,LOW
8221f03e-7a27e32f.jpg,1,0,LOW
823de5ee-76f16e21.jpg,9,0,LOW
8252b2c1-bb5d30ee.jpg,9,0,LOW
82773ffe-00000000.jpg,2,0,LOW
8281391f-ef418c63.jpg,4,0,LOW
828e4923-8719e8b7.jpg,4,2,LOW
829b22cf-00000000.jpg,11,0,Medium
82ad9d1c-1a5212c8.jpg,4,0,LOW
82af45bd-00000000.jpg,4,0,LOW
82b5764d-00000000.jpg,20,0,Medium
82d184d4-00000000.jpg,9,0,LOW
82ef176d-00000000.jpg,13,0,Medium
82f08a1f-00000000.jpg,6,0,LOW
830c6cb2-6b35fcf9.jpg,0,0,LOW
833d3e64-00000000.jpg,7,1,LOW
835df354-00000000.jpg,5,3,LOW
836684b9-00000000.jpg,7,0,LOW
836f79ec-00000000.jpg,5,1,LOW
837e366b-9d211e25.jpg,11,0,Medium
8399088e-00000000.jpg,7,0,LOW
839f7736-abe28069.jpg,1,0,LOW
83adc77e-c640d4cf.jpg,6,0,LOW
83b6d3ed-93505119.jpg,3,0,LOW
83d03917-00000000.jpg,15,0,Medium
83d5fe2c-fda22070.jpg,4,0,LOW
84076906-00000000.jpg,3,0,LOW
840d9237-136fa61a.jpg,5,3,LOW
84154fb8-00000000.jpg,1,0,LOW
841bab45-291a0b71.jpg,1,0,LOW
84213c19-5bd945d3.jpg,0,0,LOW
843af705-00000000.jpg,9,0,LOW
8462ec00-0ce20b01.jpg,7,0,LOW
84830376-d974c402.jpg,1,0,LOW
848c562a-78383f3f.jpg,2,0,LOW
848e3259-d52053fd.jpg,15,0,Medium
84994829-00000000.jpg,3,0,LOW
849dd4a1-35827bc3.jpg,4,0,LOW
84af3c94-a97338a7.jpg,0,0,LOW
84b84603-00000000.jpg,7,0,LOW
84c4f7f3-e41016e5.jpg,3,0,LOW
84cad8e7-6a28398d.jpg,4,4,LOW
84cb906a-99c6101d.jpg,0,0,LOW
84d7e0cf-95b24c51.jpg,3,0,LOW
84e6c779-b22001eb.jpg,9,0,LOW
84f35817-cffdd105.jpg,13,0,Medium
8504cd49-00000000.jpg,12,0,Medium
85116dd5-00000000.jpg,6,2,LOW
851cde9e-69812bb2.jpg,6,0,LOW
8538f924-24a6d5ad.jpg,13,5,Medium
8538f924-35c90a07.jpg,7,0,LOW
8546ec09-00000000.jpg,2,0,LOW
85554839-00000000.jpg,1,0,LOW
8558d9b4-00000000.jpg,8,0,LOW
857308ee-ede3c311.jpg,6,3,LOW
85746f50-00000000.jpg,6,1,LOW
85e5f977-2ed438d4.jpg,10,0,Medium
85fddee9-00000000.jpg,2,0,LOW
863e12b2-e67b4a93.jpg,7,0,LOW
8641f2f1-94e96aaa.jpg,4,5,LOW
865f0b43-ff7a6169.jpg,2,0,LOW
868dd945-ea7426e2.jpg,4,0,LOW
86a21e97-86ad81a6.jpg,19,0,Medium
86d7177b-5172a1bf.jpg,9,0,LOW
86e4609e-00000000.jpg,10,0,Medium
86f39388-00000000.jpg,3,0,LOW
86f5e178-11db36c2.jpg,4,0,LOW
8719553b-00000000.jpg,5,0,LOW
872c27ab-a351e239.jpg,3,0,LOW
872c27ab-f7cdc872.jpg,8,0,LOW
872cc208-00000000.jpg,0,0,LOW
87354346-354a515f.jpg,6,0,LOW
8762f0b6-30420000.jpg,3,0,LOW
87645210-00000000.jpg,6,0,LOW
879b4c0b-95afdfcf.jpg,3,0,LOW
87b18bd2-00000000.jpg,7,0,LOW
87becc6e-00000000.jpg,4,0,LOW
87e03284-00000000.jpg,0,0,LOW
88223584-00000000.jpg,11,0,Medium
883ddf5a-9ff5033c.jpg,11,0,Medium
88819daf-530255df.jpg,2,0,LOW
8884fc34-7efe5672.jpg,0,0,LOW
889ab996-00000000.jpg,2,0,LOW
88b0a96a-00000000.jpg,0,0,LOW
88f4c632-814836e0.jpg,7,0,LOW
88f82b2a-28c1c2d0.jpg,1,0,LOW
88f82b2a-93448a4d.jpg,12,0,Medium
88f99be1-00000000.jpg,2,0,LOW
88fe1692-698c6a6b.jpg,6,0,LOW
891947cf-476b0eb6.jpg,7,0,LOW
893c1b9f-7f8a61d7.jpg,8,0,LOW
894e0ac8-bef78fb1.jpg,11,0,Medium
895b3d38-c0cdfe7b.jpg,13,0,Medium
89731b35-00000000.jpg,7,0,LOW
8973f033-00000000.jpg,6,0,LOW
898ac5b9-00000000.jpg,8,0,LOW
89bb3d04-00000000.jpg,14,1,Medium
89c89c8b-3af79edf.jpg,13,1,Medium
89ca3634-00000000.jpg,5,0,LOW
89da764f-94459c67.jpg,1,4,LOW
89f27493-00000000.jpg,7,0,LOW
8a1ed05b-bdea4e97.jpg,7,0,LOW
8a286021-385f1357.jpg,4,7,LOW
8a4bba4e-f8f0a6fc.jpg,2,1,LOW
8a56deb7-6cf433c2.jpg,9,0,LOW
8a66084a-5158b84e.jpg,2,0,LOW
8a783082-a6ffa735.jpg,1,0,LOW
8a86a183-eaf6dd11.jpg,3,0,LOW
8a8a572f-261928a7.jpg,1,0,LOW
8aaf2653-1be002d3.jpg,2,0,LOW
8ab12dec-59848511.jpg,5,2,LOW
8ab1da52-09334407.jpg,6,2,LOW
8ab55ec6-8197daf6.jpg,10,2,Medium
8ab55ec6-b34eeff9.jpg,2,1,LOW
8ab55ec6-fc6c867b.jpg,12,0,Medium
8abb1e0e-77362140.jpg,4,0,LOW
8abb1e0e-8888c6b6.jpg,0,0,LOW
8ac5ec86-cddfb983.jpg,4,0,LOW
8ac605d8-98fb991c.jpg,1,0,LOW
8ac628f0-00000000.jpg,9,1,LOW
8b00ae66-00000000.jpg,11,0,Medium
8b186ea2-00000000.jpg,7,2,LOW
8b1b78f5-c9c9cdbf.jpg,6,10,LOW
8b28251d-4bdd62a8.jpg,18,1,Medium
8b29a9bc-dbbec50c.jpg,9,0,LOW
8b2b40c2-4c209daf.jpg,4,0,LOW
8b38e147-2cf67009.jpg,8,0,LOW
8b48acc3-18539ccf.jpg,16,1,Medium
8b48acc3-7f1bc5db.jpg,7,1,LOW
8b4c6631-b27e8388.jpg,2,0,LOW
8b5e9cbe-3e710000.jpg,13,0,Medium
8b5e9cbe-3e710001.jpg,15,0,Medium
8b5e9cbe-803e0001.jpg,8,2,LOW
8b5e9cbe-9acc0000.jpg,3,1,LOW
8b5e9cbe-9acc0001.jpg,2,0,LOW
8b5e9cbe-db330000.jpg,12,0,Medium
8b5e9cbe-db330001.jpg,4,0,LOW
8b662096-9f1fb0b8.jpg,0,0,LOW
8b8b26ce-00000000.jpg,3,0,LOW
8b906426-5c6e0000.jpg,9,0,LOW
8b906426-5c6e0001.jpg,7,0,LOW
8b9a941a-bdedcb49.jpg,5,1,LOW
8ba263ae-49bea660.jpg,7,0,LOW
8ba9d3b5-93b37665.jpg,4,0,LOW
8babac25-00000000.jpg,9,1,LOW
8bb29275-4f164afa.jpg,6,0,LOW
8bbca183-1bf48d57.jpg,15,0,Medium
8bcaa433-00000000.jpg,3,0,LOW
8bd386b4-01433829.jpg,1,0,LOW
8bffba2a-8fbc586f.jpg,0,0,LOW
8c201954-ce3f2eb1.jpg,0,0,LOW
8c20378f-62c1b32e.jpg,2,0,LOW
8c279d74-8dad0c0b.jpg,1,0,LOW
8c362a3c-fc9ee116.jpg,14,0,Medium
8c3cbdd3-531d0482.jpg,6,0,LOW
8c3dcd3b-b8dc911d.jpg,2,0,LOW
8c508bca-00000000.jpg,3,0,LOW
8c51607c-e71801fd.jpg,1,0,LOW
8c5924d4-e14b149b.jpg,6,0,LOW
8c6b2c03-9e988675.jpg,11,0,Medium
8c74485a-00000000.jpg,8,0,LOW
8c78e8f9-2c773310.jpg,5,0,LOW
8c976e04-47482559.jpg,15,1,Medium
8c976e04-a838f2a6.jpg,7,3,LOW
8c9fffcc-b00aada0.jpg,5,0,LOW
8ccbdb22-00000000.jpg,2,0,LOW
8cde44cb-cba627db.jpg,5,0,LOW
8ce85c91-eff98517.jpg,0,0,LOW
8cf1b0f0-39288455.jpg,3,0,LOW
8d079123-889ff65c.jpg,7,0,LOW
8d10b6a6-64652922.jpg,5,0,LOW
8d151cff-241a919e.jpg,4,1,LOW
8d4b118e-4eed2f19.jpg,5,0,LOW
8d62137d-00000000.jpg,2,0,LOW
8d6be807-10e94d0c.jpg,1,0,LOW
8d7118da-723635c0.jpg,4,1,LOW
8d72cada-899afec9.jpg,15,0,Medium
8d79d13e-00000000.jpg,7,0,LOW
8d80b4c8-d251240e.jpg,7,0,LOW
8da3b2a5-00000000.jpg,5,0,LOW
8da3b2a5-ea690000.jpg,9,0,LOW
8da3b2a5-ea690001.jpg,5,0,LOW
8da470ac-e7b1b601.jpg,4,0,LOW
8da68893-b3e62028.jpg,2,0,LOW
8db2c832-00000000.jpg,2,1,LOW
8db8fba8-7ef99f56.jpg,6,0,LOW
8dc0e858-00000000.jpg,8,0,LOW
8dc160b2-2f05886e.jpg,7,0,LOW
8dc8faf3-50776226.jpg,8,3,LOW
8dd5f9b7-00000000.jpg,3,2,LOW
8ddd3f5a-819347bd.jpg,5,1,LOW
8de37320-23f867d2.jpg,10,3,Medium
8de37320-84b8f31b.jpg,5,0,LOW
8de37320-c0e92948.jpg,6,0,LOW
8de37320-d707dbd8.jpg,7,0,LOW
8dece2bd-9dfbbdfe.jpg,7,0,LOW
8df744f5-00000000.jpg,10,0,Medium
8df81748-4fe371e7.jpg,1,1,LOW
8e0572f0-73301d6d.jpg,5,2,LOW
8e0e5cac-ecc08e98.jpg,4,0,LOW
8e437e6c-b40fad7d.jpg,13,0,Medium
8e4767d2-135fdae6.jpg,5,2,LOW
8e62763d-00000000.jpg,7,0,LOW
8e718a5e-c5a827bf.jpg,5,2,LOW
8e7260f9-a3162bc8.jpg,2,0,LOW
8e7f9247-00000000.jpg,5,1,LOW
8e84ae1c-3f658dc4.jpg,3,0,LOW
8e8559b0-00000000.jpg,3,0,LOW
8e89c195-00000000.jpg,6,0,LOW
8e96a120-5df64ae1.jpg,3,0,LOW
8ebe2cc6-f40ad7a1.jpg,11,0,Medium
8eeebcb4-9560eee1.jpg,4,0,LOW
8eefb0fb-d534bd4c.jpg,1,0,LOW
8f1bf94f-84e7032a.jpg,13,0,Medium
8f45188f-00000000.jpg,12,9,Medium
8f4c1b2d-6d170000.jpg,5,0,LOW
8f4c1b2d-6d170001.jpg,5,0,LOW
8f4c1b2d-89450000.jpg,4,0,LOW
8f4c1b2d-89450001.jpg,12,0,Medium
8f584c7e-5dccc88e.jpg,8,3,LOW
8f675f89-91c97273.jpg,3,0,LOW
8f67c1fc-827aeb02.jpg,0,0,LOW
8f6c02ef-d3ef7df6.jpg,0,0,LOW
8f71e64e-6c9b9af0.jpg,2,0,LOW
8f737bfa-756ddb33.jpg,14,0,Medium
8f7dd26d-3de66fdc.jpg,6,0,LOW
8f9a82d7-55b58ab2.jpg,6,0,LOW
8f9d3cab-58f18456.jpg,13,0,Medium
8fa1d0b5-7b181f53.jpg,3,0,LOW
8fb443a3-00000000.jpg,0,1,LOW
8fc16e83-4768a0df.jpg,5,0,LOW
8fc433c9-2baf153a.jpg,7,0,LOW
8fcce630-3c3e0000.jpg,4,2,LOW
8fcce630-3c3e0001.jpg,4,0,LOW
8fd046f2-2db00000.jpg,8,0,LOW
8fd046f2-93dc0000.jpg,4,0,LOW
8fd046f2-93dc0001.jpg,4,1,LOW
8fd046f2-bb680001.jpg,9,0,LOW
8fd046f2-e41d0000.jpg,7,0,LOW
8fd046f2-e41d0001.jpg,6,0,LOW
8fd046f2-ecff0000.jpg,8,0,LOW
8fdc7513-00000000.jpg,7,0,LOW
8ffdafe7-6a45ea3a.jpg,6,0,LOW
90016677-9ebbc73b.jpg,6,0,LOW
90016677-aab19abe.jpg,4,0,LOW
90065da2-00000000.jpg,2,1,LOW
904f9a94-00000000.jpg,9,0,LOW
905625db-00000000.jpg,3,8,LOW
90c4d040-61fa675b.jpg,12,0,Medium
90cca40d-00000000.jpg,10,0,Medium
90e4e181-00000000.jpg,2,0,LOW
90e6223b-00000000.jpg,4,0,LOW
90ea4f91-6de4618a.jpg,4,0,LOW
90f31046-00000000.jpg,11,1,Medium
90fb3e17-754693e6.jpg,1,0,LOW
9103c2cc-00000000.jpg,4,6,LOW
912c8804-fd4d7eeb.jpg,12,0,Medium
91368b32-dd559718.jpg,13,2,Medium
9137c47e-913db3d7.jpg,7,0,LOW
913ce54c-0d096157.jpg,8,6,LOW
9159d511-f3773aea.jpg,7,0,LOW
9159d511-fb308249.jpg,6,0,LOW
9162b45e-00000000.jpg,7,0,LOW
9179ebd7-b06083d1.jpg,1,0,LOW
91882e8c-00000000.jpg,2,0,LOW
9192185e-6ced7a54.jpg,7,0,LOW
919c9a64-b1052b72.jpg,10,2,Medium
91ada70d-69cf70ac.jpg,0,0,LOW
91c77123-00000000.jpg,4,0,LOW
91d21a3c-00000000.jpg,1,0,LOW
91f86c25-00000000.jpg,2,1,LOW
91faccca-00000000.jpg,8,0,LOW
920744c3-00000000.jpg,1,0,LOW
923d6a65-e4fe1dae.jpg,9,8,LOW
92411c47-8653c844.jpg,3,2,LOW
92616ea9-67322e23.jpg,9,0,LOW
92759fb5-00000000.jpg,5,0,LOW
9275c992-a36edff6.jpg,7,0,LOW
92aab19e-26d80a7c.jpg,2,4,LOW
92adbc51-2b7b089f.jpg,4,0,LOW
92d53c3d-29f34574.jpg,5,0,LOW
932a0bc8-753b2c12.jpg,16,0,Medium
933d5fea-138b9281.jpg,4,0,LOW
9342e334-33d167eb.jpg,3,0,LOW
93505616-aeb546f8.jpg,2,0,LOW
93608637-a758ed6c.jpg,7,0,LOW
9368c730-dc7e0fa6.jpg,7,2,LOW
93843437-b74101a3.jpg,5,0,LOW
93c466ce-00000000.jpg,4,0,LOW
93cab1f8-93cb30a0.jpg,6,9,LOW
93fcc01f-00000000.jpg,7,1,LOW
941f3bb8-1184941a.jpg,7,1,LOW
94537e68-becd56a7.jpg,6,0,LOW
945a38ed-00000000.jpg,13,0,Medium
9494b4cc-00000000.jpg,9,0,LOW
9498b143-00000000.jpg,7,1,LOW
94b67524-b245ceb2.jpg,1,0,LOW
94be8008-00000000.jpg,11,0,Medium
94c84723-a9132937.jpg,2,0,LOW
94e40138-00000000.jpg,12,0,Medium
94e68a16-95a9c424.jpg,5,1,LOW
950b11c5-00000000.jpg,9,0,LOW
951d2d06-1bc21856.jpg,11,0,Medium
952ae034-3ca44502.jpg,8,0,LOW
95383d0e-00000000.jpg,12,0,Medium
954c0d39-aaa7169f.jpg,2,0,LOW
95619ecb-4277b02b.jpg,6,2,LOW
956b68a1-d8849e4c.jpg,10,0,Medium
957e6dd4-1aa6ca04.jpg,11,0,Medium
957e6dd4-565624e3.jpg,4,2,LOW
957e6dd4-a28f4453.jpg,10,2,Medium
957e6dd4-c0f100cd.jpg,4,0,LOW
957e6dd4-dd8f3d3d.jpg,6,1,LOW
957e6dd4-f4e0700f.jpg,11,0,Medium
957e6dd4-fb4e3041.jpg,14,0,Medium
95a6f8ce-f70d000a.jpg,6,0,LOW
95a80830-b76603bc.jpg,3,0,LOW
95ab4cbe-00000000.jpg,4,0,LOW
95b06214-408611f2.jpg,12,0,Medium
95b4f545-e2637c77.jpg,6,0,LOW
95e6e6b9-18d44667.jpg,5,2,LOW
96009a72-7eb1ba47.jpg,15,0,Medium
9604a03a-00000000.jpg,7,0,LOW
96180b81-00000000.jpg,6,1,LOW
96622df3-00000000.jpg,2,0,LOW
96673d70-00000000.jpg,4,0,LOW
96aed891-9c6b2ca9.jpg,0,0,LOW
96b2a375-cd3d781a.jpg,13,0,Medium
96b4e7de-00000000.jpg,11,0,Medium
96d80b29-a10fa25c.jpg,6,0,LOW
96da1b19-656a87bf.jpg,7,0,LOW
96dd1db0-e186788a.jpg,3,1,LOW
9703cc9d-00000000.jpg,10,0,Medium
970da07f-00000000.jpg,9,0,LOW
9713a985-0772f783.jpg,2,0,LOW
971cbf48-00000000.jpg,2,0,LOW
972dccc9-00000000.jpg,6,0,LOW
972e6eef-e83a5495.jpg,13,0,Medium
97487179-00000000.jpg,2,0,LOW
9748f499-9f99a25b.jpg,6,0,LOW
974e613c-decea44e.jpg,4,0,LOW
97676d28-00000000.jpg,8,1,LOW
976c3537-00000000.jpg,7,0,LOW
97880acc-e6bec03d.jpg,8,0,LOW
97988060-00000000.jpg,12,0,Medium
979d176c-6dfadf9a.jpg,7,0,LOW
97b17538-00000000.jpg,9,2,LOW
97b3a5ef-b98177e5.jpg,6,0,LOW
97b65dd9-48538198.jpg,3,0,LOW
97c452f9-689e491a.jpg,3,0,LOW
97e9b167-a88864ac.jpg,4,0,LOW
97f73d8a-00000000.jpg,9,0,LOW
97f93bb6-00000000.jpg,8,0,LOW
981d9ee0-00000000.jpg,0,3,LOW
98315875-2c8d6266.jpg,0,0,LOW
98315875-8fafca70.jpg,0,0,LOW
98318acf-00000000.jpg,7,0,LOW
983260f7-c65bf860.jpg,7,1,LOW
9861744f-00000000.jpg,6,0,LOW
98823a4d-8c906276.jpg,13,0,Medium
988b16d5-d7696d4b.jpg,4,0,LOW
98c81ae2-c861eb14.jpg,4,1,LOW
98dd3975-f89c0580.jpg,4,2,LOW
98e34ad2-cabad29a.jpg,6,0,LOW
98f942da-00000000.jpg,2,0,LOW
98f94b41-c60b6e78.jpg,8,0,LOW
9926cccb-7fe1ae06.jpg,8,1,LOW
995a271a-6d66071b.jpg,8,1,LOW
9961a588-da059bcd.jpg,10,0,Medium
999cd7bc-4ddb4a05.jpg,6,0,LOW
99ab7304-32307eea.jpg,5,0,LOW
99b31746-00000000.jpg,7,0,LOW
99bf045b-52568680.jpg,0,0,LOW
99c1b2ae-50df0921.jpg,9,0,LOW
99e65b79-72f54fd5.jpg,3,0,LOW
99ebed9d-b6dd1203.jpg,6,2,LOW
99ebed9d-b6dd94d3.jpg,5,2,LOW
99ef4b3b-bb915689.jpg,10,0,Medium
9a002dcb-e4fd0000.jpg,3,0,LOW
9a17b2d2-9c1d075f.jpg,2,0,LOW
9a2a2583-659b5e9e.jpg,5,0,LOW
9a2ae42f-172d5df7.jpg,1,2,LOW
9a2b6223-1fd37b2e.jpg,6,0,LOW
9a2cb195-e26f241b.jpg,4,0,LOW
9a35e283-7c9c7404.jpg,8,0,LOW
9a45cc78-7980df73.jpg,6,1,LOW
9a4c69c8-0fd2d8ab.jpg,6,2,LOW
9a5d0ab3-00000000.jpg,1,0,LOW
9a60b3e7-789f9b00.jpg,5,3,LOW
9a69c7ed-2f33e378.jpg,6,1,LOW
9a6e54ef-9c905eab.jpg,15,2,Medium
9a70bdec-1504e338.jpg,5,1,LOW
9a80bccb-2d450000.jpg,2,0,LOW
9a80bccb-2d450001.jpg,3,0,LOW
9a8420a0-c9d06891.jpg,14,0,Medium
9a888ffa-43ca0000.jpg,7,1,LOW
9a888ffa-43ca0001.jpg,3,3,LOW
9a888ffa-7b310000.jpg,4,0,LOW
9a888ffa-7b310001.jpg,5,3,LOW
9a888ffa-96020000.jpg,11,0,Medium
9a888ffa-96020001.jpg,7,0,LOW
9a888ffa-c3840000.jpg,15,0,Medium
9a888ffa-c3840001.jpg,6,0,LOW
9a9da7d3-00000000.jpg,12,0,Medium
9aa07a4e-2a9fdf1b.jpg,4,0,LOW
9aa12a35-79090000.jpg,14,0,Medium
9aa12a35-79090001.jpg,15,0,Medium
9ac2e84c-3ca039ee.jpg,3,0,LOW
9adc5269-00000000.jpg,4,0,LOW
9ae4378c-00000000.jpg,9,2,LOW
9ae74daf-d340f825.jpg,5,0,LOW
9aeeef4a-6dfbab1b.jpg,3,0,LOW
9af027c1-74ba1b67.jpg,0,0,LOW
9b041468-204c0482.jpg,5,0,LOW
9b0e122c-3eadb465.jpg,8,0,LOW
9b25998f-00000000.jpg,5,0,LOW
9b2d97df-00000000.jpg,14,1,Medium
9b2db8cb-00000000.jpg,19,0,Medium
9b2f8e46-00000000.jpg,5,0,LOW
9b338ed3-95770000.jpg,8,0,LOW
9b338ed3-95770001.jpg,10,0,Medium
9b35ae98-6c105604.jpg,12,0,Medium
9b4bbc7a-bef89124.jpg,12,0,Medium
9b52e4af-205f725b.jpg,5,0,LOW
9b5a525e-36d1387e.jpg,0,0,LOW
9b5f6b4b-24de3d80.jpg,11,1,Medium
9b5f7249-00000000.jpg,6,0,LOW
9b656e8f-c53b0000.jpg,1,1,LOW
9b656e8f-c53b0001.jpg,1,0,LOW
9b76b723-bb6302a3.jpg,3,1,LOW
9b7e8f84-1af03243.jpg,3,0,LOW
9b8b2726-271ecd41.jpg,6,0,LOW
9b8d202f-673dec2f.jpg,6,0,LOW
9b970e47-112246ae.jpg,10,1,Medium
9b970e47-2107c71e.jpg,10,0,Medium
9b970e47-359c8e97.jpg,7,0,LOW
9b970e47-51dde695.jpg,5,8,LOW
9b970e47-8aaeb7ed.jpg,7,1,LOW
9b970e47-a98660b2.jpg,4,0,LOW
9b970e47-ce2164fd.jpg,6,3,LOW
9b970e47-d9cf039c.jpg,7,5,LOW
9bb14814-498d5452.jpg,8,5,LOW
9bb14814-4ddebd7a.jpg,6,3,LOW
9bcccfec-e004fb23.jpg,0,0,LOW
9be17795-514a62a1.jpg,0,0,LOW
9be7f8b9-24850169.jpg,8,0,LOW
9bf4beed-43c7c842.jpg,9,0,LOW
9c150253-72086feb.jpg,3,0,LOW
9c219b32-a876239b.jpg,2,2,LOW
9c2562c4-c26473ca.jpg,13,0,Medium
9c2b6b1e-917011ce.jpg,2,0,LOW
9c35f247-c1736063.jpg,4,0,LOW
9c6194a9-e4f01978.jpg,11,1,Medium
9c678386-81c3086d.jpg,3,6,LOW
9c76890f-4a52c6ac.jpg,9,0,LOW
9c7940d0-70d74ab0.jpg,5,0,LOW
9c80e929-22e526e2.jpg,7,0,LOW
9c8b576e-aaa97877.jpg,2,0,LOW
9c8c94f8-00000000.jpg,10,0,Medium
9c9156f9-5b627c90.jpg,3,0,LOW
9c94f476-8107ee6b.jpg,12,0,Medium
9cb2665d-00000000.jpg,2,2,LOW
9cbae107-e335105e.jpg,14,3,Medium
9cc5345c-096b562a.jpg,3,0,LOW
9cdcbc9b-89f953be.jpg,19,0,Medium
9cee0779-7b0d29f5.jpg,3,0,LOW
9d02c9cf-a022fe44.jpg,9,0,LOW
9d02c9cf-adb7b948.jpg,7,0,LOW
9d14d6dc-86456a22.jpg,12,0,Medium
9d2cd320-407bfe7c.jpg,8,5,LOW
9d41951a-9782ea10.jpg,6,0,LOW
9d5576ab-535082b7.jpg,3,0,LOW
9d565f1f-fc3cd908.jpg,5,2,LOW
9d6de974-eb64b8a8.jpg,4,0,LOW
9d705e78-00000000.jpg,4,0,LOW
9d7aed86-9b65ac4b.jpg,5,0,LOW
9d824e04-f4274fed.jpg,2,0,LOW
9db1088d-30de9c1b.jpg,0,0,LOW
9dbd0a28-f14126ed.jpg,5,0,LOW
9dccd5bd-67d455b3.jpg,0,1,LOW
9dee3a97-b7fe08ea.jpg,7,0,LOW
9df3d257-91d3ddd5.jpg,11,0,Medium
9e0c9d48-9f2035db.jpg,12,1,Medium
9e1a9cde-5d3bba54.jpg,11,0,Medium
9e3a7500-71c776ac.jpg,12,5,Medium
9e47cc82-9be5e922.jpg,5,0,LOW
9e4abbc4-efa2c7e7.jpg,5,0,LOW
9e4d425c-00000000.jpg,5,0,LOW
9e4f94cd-e3c04dac.jpg,8,0,LOW
9e555c8b-a7ee8541.jpg,2,0,LOW
9e5dafa1-0309776e.jpg,4,0,LOW
9e755dbd-00000000.jpg,8,0,LOW
9e803b6d-aba0be88.jpg,7,0,LOW
9e8d5c7f-a674d082.jpg,7,0,LOW
9e8f6fa8-82815cbb.jpg,9,0,LOW
9e9342d8-f17b592a.jpg,8,1,LOW
9e96400a-88d31c9e.jpg,7,0,LOW
9e9fc898-0c90bb39.jpg,7,0,LOW
9e9fc898-6a49eec9.jpg,6,0,LOW
9eb2ac9d-00000000.jpg,2,0,LOW
9eb69cb0-42faf92d.jpg,10,1,Medium
9ec4bfdb-b65e764c.jpg,14,0,Medium
9ece8bd6-3cede2ad.jpg,7,0,LOW
9ecf48b7-641f7f8f.jpg,7,1,LOW
9ed56142-b87fa698.jpg,5,1,LOW
9ef59fb1-00000000.jpg,8,0,LOW
9f051dba-890ad2e5.jpg,6,0,LOW
9f160587-fd77bcf9.jpg,0,0,LOW
9f1d7108-a747cb08.jpg,1,0,LOW
9f25cb92-1bf5efe7.jpg,9,0,LOW
9f30df8d-d650403f.jpg,7,0,LOW
9f32f593-5887c047.jpg,7,0,LOW
9f442f32-5f3db823.jpg,5,0,LOW
9f51e19f-00000000.jpg,14,0,Medium
9f55b652-a6f40538.jpg,6,0,LOW
9f58d3ca-a9f45811.jpg,4,2,LOW
9f600dc0-67f26486.jpg,11,0,Medium
9f62a9fc-26d25607.jpg,11,0,Medium
9f7d0810-2824c874.jpg,2,0,LOW
9f7d0810-920ea2dc.jpg,0,0,LOW
9f86f51c-3a4480a8.jpg,0,0,LOW
9f9327a3-207f4bf8.jpg,8,0,LOW
9f94fbbf-00000000.jpg,3,0,LOW
9f95f368-00000000.jpg,5,2,LOW
9fb944ec-00000000.jpg,12,0,Medium
9fd0f23d-df285cc9.jpg,2,0,LOW
9fdba515-e3b3f520.jpg,5,0,LOW
9fdeab10-7c1d6e2b.jpg,16,2,Medium
9fe03eb0-a4283511.jpg,14,0,Medium
9fe9f720-00000000.jpg,3,1,LOW
9ff0260d-00000000.jpg,10,0,Medium
a00d3a96-00000000.jpg,4,0,LOW
a010c802-00000000.jpg,14,0,Medium
a02501c6-e1ed5f44.jpg,11,0,Medium
a054ee22-00000000.jpg,2,0,LOW
a05eb1ff-a7a21529.jpg,0,0,LOW
a06a4b0e-c5241837.jpg,9,1,LOW
a085eb52-77945d8b.jpg,8,2,LOW
a0add87b-56c9eafc.jpg,8,0,LOW
a0bba133-00000000.jpg,11,0,Medium
a0bbdb86-00000000.jpg,7,0,LOW
a0c030c6-00000000.jpg,6,0,LOW
a0c88715-00000000.jpg,4,0,LOW
a0d4fa71-00000000.jpg,6,0,LOW
a0ea324c-9e5a6a24.jpg,7,2,LOW
a0f811ee-00000000.jpg,13,0,Medium
a11db300-40f557ff.jpg,6,1,LOW
a12decc8-580615fb.jpg,0,0,LOW
a13917ac-00000000.jpg,10,0,Medium
a13ac244-7d7f160d.jpg,8,0,LOW
a1647a2d-6331b6a5.jpg,12,0,Medium
a176a4bf-47e0e048.jpg,10,1,Medium
a19ee994-4649491b.jpg,2,0,LOW
a1b929da-adb10837.jpg,0,0,LOW
a1ce7d45-2f62d29f.jpg,5,0,LOW
a1ce7d45-3f127b69.jpg,11,0,Medium
a203e439-a424bdd1.jpg,15,2,Medium
a217361a-01b5b341.jpg,11,1,Medium
a217361a-cdf174d7.jpg,12,0,Medium
a2297c18-876eb30b.jpg,8,0,LOW
a2300bf9-00000000.jpg,7,3,LOW
a269d8cd-af4fc1d1.jpg,1,0,LOW
a2881013-88cf91d5.jpg,7,0,LOW
a293d57a-00000000.jpg,6,0,LOW
a296eb41-691738fc.jpg,10,0,Medium
a2ae40f3-00000000.jpg,15,0,Medium
a2c6d74b-00000000.jpg,12,0,Medium
a2c9376f-00000000.jpg,4,0,LOW
a2d1b2be-d0ddcd7d.jpg,9,1,LOW
a3025d3c-00000000.jpg,7,0,LOW
a316282d-0e90097d.jpg,2,0,LOW
a316362b-00000000.jpg,4,0,LOW
a3258eed-0e021ec9.jpg,1,0,LOW
a331d08e-7f9c2e5f.jpg,6,0,LOW
a33b4fd9-f4374799.jpg,10,0,Medium
a34fa9b9-f978bc01.jpg,4,0,LOW
a358d0cc-2eadfb6a.jpg,5,0,LOW
a3829789-00000000.jpg,10,0,Medium
a3d1d710-59bd8013.jpg,2,0,LOW
a4215cd6-00000000.jpg,7,0,LOW
a423019b-960a077f.jpg,6,0,LOW
a4455970-00000000.jpg,1,0,LOW
a463a36f-d81ea37e.jpg,6,0,LOW
a466259c-00000000.jpg,4,0,LOW
a474caa3-eb19b4f5.jpg,13,0,Medium
a474dca4-00000000.jpg,14,0,Medium
a4761d4d-d8a1dbfb.jpg,3,0,LOW
a478dd36-00000000.jpg,0,0,LOW
a4afc890-ddb598fb.jpg,7,1,LOW
a4d467e1-e2697245.jpg,12,0,Medium
a4eee271-00000000.jpg,8,0,LOW
a4ef8112-a5a9b345.jpg,10,0,Medium
a4f2d425-fa3393b0.jpg,17,0,Medium
a5202de9-c549ecb3.jpg,10,0,Medium
a523290c-00000000.jpg,3,0,LOW
a5242a75-c9f4c680.jpg,7,0,LOW
a5392d4c-00000000.jpg,8,0,LOW
a549cc54-a8daa04b.jpg,0,0,LOW
a54e5f6d-00000000.jpg,7,0,LOW
a555e192-00000000.jpg,1,0,LOW
a579b83f-5b7b0a73.jpg,2,1,LOW
a59131a5-00000000.jpg,9,0,LOW
a5c62f80-8e92bf50.jpg,8,0,LOW
a5db9192-00000000.jpg,6,1,LOW
a5fa7888-00000000.jpg,6,0,LOW
a618f73a-7e9e47db.jpg,6,1,LOW
a61e50f0-00000000.jpg,19,0,Medium
a628e5be-00000000.jpg,4,0,LOW
a62fe707-b67e997c.jpg,6,1,LOW
a63b6f18-f4b6cf26.jpg,5,1,LOW
a640b39e-f556d329.jpg,8,0,LOW
a64aaff3-6c0c844a.jpg,7,0,LOW
a6765051-1290235f.jpg,4,0,LOW
a6983353-00000000.jpg,11,0,Medium
a6ac6a60-00000000.jpg,8,9,LOW
a6b971ba-00000000.jpg,7,0,LOW
a6c8dc2c-e080bb09.jpg,4,0,LOW
a6f36e54-00000000.jpg,17,0,Medium
a6f7a539-00000000.jpg,6,1,LOW
a704d0ef-00000000.jpg,16,0,Medium
a706da19-14468d02.jpg,3,0,LOW
a70efb84-00000000.jpg,2,0,LOW
a70faa46-6630da64.jpg,2,0,LOW
a7166e11-5bc54832.jpg,5,1,LOW
a7296fab-ef5c0a2b.jpg,5,0,LOW
a72a8105-00000000.jpg,4,0,LOW
a740ddb5-00000000.jpg,8,0,LOW
a74c2fb0-facb841c.jpg,14,0,Medium
a7542d36-590272a5.jpg,10,0,Medium
a756dbcb-00000000.jpg,13,1,Medium
a757fed9-8d6033ff.jpg,5,0,LOW
a760566c-e45f7339.jpg,4,2,LOW
a7a4f4fc-798c80d6.jpg,8,0,LOW
a7afa6ce-00000000.jpg,5,0,LOW
a7cc17d8-00000000.jpg,1,0,LOW
a7e4121d-2fd848cd.jpg,17,0,Medium
a7e5d32c-5da6abb0.jpg,14,0,Medium
a7e76c3d-4ef7b669.jpg,4,0,LOW
a7fe4cb1-2b749f7c.jpg,8,1,LOW
a803be49-1a800f57.jpg,13,0,Medium
a80c0483-00000000.jpg,7,0,LOW
a82d241b-00000000.jpg,6,0,LOW
a83d2ce3-00000000.jpg,7,0,LOW
a87fa436-00000000.jpg,6,0,LOW
a88ea61d-40a5202c.jpg,11,0,Medium
a8923b1f-00000000.jpg,8,0,LOW
a8c9dd67-00000000.jpg,10,0,Medium
a8f0e26f-b8a824fd.jpg,12,0,Medium
a9000110-abf52cf0.jpg,5,0,LOW
a91b7555-00000000.jpg,3,5,LOW
a91b7555-00000030.jpg,5,2,LOW
a91b7555-00000045.jpg,4,1,LOW
a91b7555-00000060.jpg,3,1,LOW
a91b7555-00000065.jpg,2,0,LOW
a91b7555-00000070.jpg,3,0,LOW
a91b7555-00000075.jpg,6,0,LOW
a91b7555-00000080.jpg,6,0,LOW
a91b7555-00000085.jpg,6,2,LOW
a91b7555-00000090.jpg,14,0,Medium
a91b7555-00000095.jpg,11,0,Medium
a91b7555-00000100.jpg,6,0,LOW
a91b7555-00000105.jpg,9,0,LOW
a91b7555-00000110.jpg,9,0,LOW
a91b7555-00000115.jpg,9,0,LOW
a91b7555-00000120.jpg,8,0,LOW
a91b7555-00000125.jpg,10,1,Medium
a91b7555-00000130.jpg,17,0,Medium
a91b7555-00000135.jpg,9,0,LOW
a91b7555-00000140.jpg,6,0,LOW
a91b7555-00000145.jpg,12,0,Medium
a91b7555-00000150.jpg,9,0,LOW
a91b7555-00000155.jpg,6,0,LOW
a91b7555-00000160.jpg,9,0,LOW
a91b7555-00000165.jpg,20,0,Medium
a91b7555-00000170.jpg,18,0,Medium
a91b7555-00000175.jpg,7,0,LOW
a91b7555-00000180.jpg,6,0,LOW
a91b7555-00000185.jpg,5,1,LOW
a91b7555-00000195.jpg,6,0,LOW
a91b7555-00000200.jpg,12,0,Medium
a91b7555-00000205.jpg,10,1,Medium
a91b7555-00000210.jpg,4,0,LOW
a91b7555-00000215.jpg,3,0,LOW
a91b7555-00000220.jpg,5,0,LOW
a91b7555-00000225.jpg,9,1,LOW
a91b7555-00000235.jpg,4,0,LOW
a91b7555-00000240.jpg,5,0,LOW
a91b7555-00000250.jpg,10,0,Medium
a91b7555-00000255.jpg,8,0,LOW
a91b7555-00000260.jpg,12,0,Medium
a91b7555-00000265.jpg,7,0,LOW
a91b7555-00000270.jpg,4,0,LOW
a91b7555-00000275.jpg,4,0,LOW
a91b7555-00000280.jpg,3,0,LOW
a91b7555-00000285.jpg,3,0,LOW
a91b7555-00000290.jpg,3,0,LOW
a91b7555-00000295.jpg,3,1,LOW
a91b7555-00000305.jpg,7,8,LOW
a91b7555-00000310.jpg,8,9,LOW
a91b7555-00000315.jpg,8,3,LOW
a91b7555-00000320.jpg,9,3,LOW
a91b7555-00000325.jpg,10,1,Medium
a91b7555-00000330.jpg,11,2,Medium
a91b7555-00000335.jpg,8,0,LOW
a91b7555-00000340.jpg,10,0,Medium
a91b7555-00000345.jpg,2,1,LOW
a91b7555-00000350.jpg,8,2,LOW
a91b7555-00000355.jpg,17,0,Medium
a91b7555-00000360.jpg,7,3,LOW
a91b7555-00000365.jpg,3,0,LOW
a91b7555-00000370.jpg,10,3,Medium
a91b7555-00000375.jpg,10,3,Medium
a91b7555-00000385.jpg,12,0,Medium
a91b7555-00000390.jpg,11,0,Medium
a91b7555-00000400.jpg,0,0,LOW
a91b7555-00000405.jpg,13,0,Medium
a91b7555-00000410.jpg,5,0,LOW
a91b7555-00000415.jpg,7,0,LOW
a91b7555-00000420.jpg,9,0,LOW
a91b7555-00000425.jpg,8,0,LOW
a91b7555-00000430.jpg,5,0,LOW
a91b7555-00000435.jpg,9,0,LOW
a91b7555-00000440.jpg,4,0,LOW
a91b7555-00000445.jpg,7,1,LOW
a91b7555-00000450.jpg,8,0,LOW
a91b7555-00000455.jpg,10,0,Medium
a91b7555-00000460.jpg,5,0,LOW
a91b7555-00000465.jpg,4,0,LOW
a91b7555-00000480.jpg,9,0,LOW
a91b7555-00000485.jpg,5,0,LOW
a91b7555-00000490.jpg,16,0,Medium
a91b7555-00000495.jpg,10,0,Medium
a91b7555-00000500.jpg,3,1,LOW
a91b7555-00000505.jpg,6,4,LOW
a91b7555-00000510.jpg,7,4,LOW
a91b7555-00000515.jpg,15,0,Medium
a91b7555-00000520.jpg,17,0,Medium
a91b7555-00000525.jpg,13,0,Medium
a91b7555-00000530.jpg,3,2,LOW
a91b7555-00000535.jpg,4,2,LOW
a91b7555-00000540.jpg,3,0,LOW
a91b7555-00000545.jpg,6,0,LOW
a91b7555-00000555.jpg,14,0,Medium
a91b7555-00000565.jpg,9,0,LOW
a91b7555-00000570.jpg,12,0,Medium
a91b7555-00000575.jpg,17,0,Medium
a91b7555-00000580.jpg,6,0,LOW
a91b7555-00000585.jpg,5,1,LOW
a91b7555-00000590.jpg,6,2,LOW
a91b7555-00000595.jpg,10,0,Medium
a91b7555-00000600.jpg,7,0,LOW
a91b7555-00000610.jpg,5,0,LOW
a91b7555-00000615.jpg,5,0,LOW
a91b7555-00000620.jpg,11,0,Medium
a91b7555-00000625.jpg,5,0,LOW
a91b7555-00000630.jpg,7,0,LOW
a91b7555-00000635.jpg,13,0,Medium
a91b7555-00000645.jpg,8,0,LOW
a91b7555-00000770.jpg,11,1,Medium
a91b7555-00000775.jpg,10,0,Medium
a91b7555-00000780.jpg,6,0,LOW
a91b7555-00000785.jpg,10,0,Medium
a91b7555-00000790.jpg,4,0,LOW
a91b7555-00000800.jpg,6,0,LOW
a91b7555-00000805.jpg,9,0,LOW
a91b7555-00000810.jpg,7,0,LOW
a91b7555-00000815.jpg,13,0,Medium
a91b7555-00000820.jpg,15,0,Medium
a91b7555-00000825.jpg,13,0,Medium
a91b7555-00000830.jpg,10,0,Medium
a91b7555-00000835.jpg,3,2,LOW
a91b7555-00000845.jpg,4,1,LOW
a91b7555-00000850.jpg,4,1,LOW
a91b7555-00000865.jpg,5,1,LOW
a91b7555-00000870.jpg,5,0,LOW
a91b7555-00000875.jpg,6,3,LOW
a91b7555-00000880.jpg,15,0,Medium
a91b7555-00000885.jpg,10,2,Medium
a91b7555-00000890.jpg,14,0,Medium
a91b7555-00000895.jpg,4,2,LOW
a91b7555-00000900.jpg,3,4,LOW
a91b7555-00000905.jpg,3,0,LOW
a91b7555-00000910.jpg,10,2,Medium
a91b7555-00000915.jpg,12,0,Medium
a91b7555-00000920.jpg,8,1,LOW
a91b7555-00000925.jpg,6,0,LOW
a91b7555-00000930.jpg,8,0,LOW
a91b7555-00000935.jpg,4,0,LOW
a91b7555-00000940.jpg,10,0,Medium
a91b7555-00000945.jpg,5,0,LOW
a91b7555-00000950.jpg,6,0,LOW
a91b7555-00000955.jpg,10,0,Medium
a91b7555-00000960.jpg,11,0,Medium
a91b7555-00000965.jpg,9,0,LOW
a91b7555-00000970.jpg,10,0,Medium
a91b7555-00000975.jpg,19,2,Medium
a91b7555-00000980.jpg,10,1,Medium
a91b7555-00000985.jpg,7,0,LOW
a91b7555-00000990.jpg,6,0,LOW
a91b7555-00000995.jpg,4,1,LOW
a91b7555-00001000.jpg,14,0,Medium
a91b7555-00001005.jpg,11,1,Medium
a91b7555-00001010.jpg,11,1,Medium
a91b7555-00001015.jpg,11,0,Medium
a91b7555-00001020.jpg,10,0,Medium
a91b7555-00001025.jpg,5,1,LOW
a91b7555-00001030.jpg,9,2,LOW
a91b7555-00001050.jpg,14,0,Medium
a91b7555-00001055.jpg,10,1,Medium
a91b7555-00001060.jpg,5,1,LOW
a91b7555-00001065.jpg,3,0,LOW
a91b7555-00001070.jpg,12,0,Medium
a91b7555-00001075.jpg,9,0,LOW
a91b7555-00001080.jpg,12,1,Medium
a91b7555-00001085.jpg,20,0,Medium
a91b7555-00001090.jpg,6,1,LOW
a91b7555-00001095.jpg,10,0,Medium
a91b7555-00001100.jpg,16,0,Medium
a91b7555-00001105.jpg,9,0,LOW
a91b7555-00001110.jpg,9,0,LOW
a91b7555-00001115.jpg,2,0,LOW
a91b7555-00001125.jpg,5,3,LOW
a91b7555-00001130.jpg,4,0,LOW
a91b7555-00001140.jpg,10,2,Medium
a91b7555-00001145.jpg,6,3,LOW
a91b7555-00001150.jpg,10,0,Medium
a91b7555-00001155.jpg,14,0,Medium
a91b7555-00001160.jpg,10,0,Medium
a91b7555-00001165.jpg,11,1,Medium
a91b7555-00001175.jpg,11,1,Medium
a91b7555-00001180.jpg,7,5,LOW
a91b7555-00001185.jpg,10,0,Medium
a91b7555-00001190.jpg,3,2,LOW
a91b7555-00001195.jpg,12,2,Medium
a91b7555-00001200.jpg,14,1,Medium
a91b7555-00001205.jpg,11,0,Medium
a91b7555-00001210.jpg,6,0,LOW
a91b7555-00001220.jpg,18,0,Medium
a91b7555-00001225.jpg,11,0,Medium
a91b7555-00001230.jpg,5,0,LOW
a91b7555-00001235.jpg,4,0,LOW
a91b7555-00001240.jpg,12,0,Medium
a91b7555-00001245.jpg,4,0,LOW
a91b7555-00001250.jpg,11,1,Medium
a91b7555-00001255.jpg,11,0,Medium
a91b7555-00001260.jpg,8,0,LOW
a91b7555-00001265.jpg,7,0,LOW
a91b7555-00001270.jpg,8,2,LOW
a91b7555-00001275.jpg,10,0,Medium
a91b7555-00001280.jpg,7,3,LOW
a91b7555-00001285.jpg,6,4,LOW
a91b7555-00001290.jpg,4,4,LOW
a922155e-5d8e82f9.jpg,2,0,LOW
a92b522c-507cecc4.jpg,4,0,LOW
a933bbf8-174d4128.jpg,16,0,Medium
a94afbe0-6cdea075.jpg,13,0,Medium
a96d195d-00000000.jpg,7,0,LOW
a97c1475-00000000.jpg,11,2,Medium
a97d769d-e6fc790b.jpg,6,0,LOW
a97dec22-2a71d080.jpg,7,0,LOW
a9805bdb-00000000.jpg,4,0,LOW
a98e2bc9-9e2a0b07.jpg,1,0,LOW
a991cc64-36786ad8.jpg,9,0,LOW
a993880e-00000000.jpg,6,0,LOW
a9a5251f-8b96382b.jpg,4,2,LOW
a9acd883-5421d727.jpg,5,0,LOW
a9ad892b-00000000.jpg,6,0,LOW
a9b6f0f9-6e999c24.jpg,3,0,LOW
a9c77142-47ea88f7.jpg,4,0,LOW
a9d87170-00000000.jpg,4,0,LOW
a9e5e0df-f5738cf9.jpg,8,0,LOW
a9f45e63-5c17863d.jpg,6,0,LOW
aa190499-9af0e58b.jpg,7,0,LOW
aa1dd3ea-2035782a.jpg,3,0,LOW
aa2a7b0f-552512e7.jpg,5,2,LOW
aa3add1b-00000000.jpg,13,0,Medium
aa3f2d2a-449269d9.jpg,8,0,LOW
aa4e6da8-00000000.jpg,2,0,LOW
aa60b8fc-e765af8a.jpg,7,0,LOW
aa7fdc1a-00000000.jpg,15,0,Medium
aac4997b-00000000.jpg,2,0,LOW
aac57201-13bdbf2b.jpg,2,0,LOW
aaddc191-6f4e53c1.jpg,6,0,LOW
ab1d5abf-00000000.jpg,5,0,LOW
ab309345-00000000.jpg,5,0,LOW
ab433081-16da2013.jpg,7,14,LOW
ab47def6-07604ba6.jpg,6,0,LOW
ab62abd3-c3cd5688.jpg,1,0,LOW
ab672453-00000000.jpg,6,0,LOW
ab7e6896-8303185d.jpg,0,0,LOW
ab8aaefa-00000000.jpg,5,0,LOW
ab94bc5b-9ddc86e4.jpg,0,0,LOW
abc6b442-311adbdf.jpg,2,0,LOW
abf6f644-ade3cfa2.jpg,5,0,LOW
abfbfcb1-0e220001.jpg,17,0,Medium
ac033a32-493865fc.jpg,10,1,Medium
ac45a2b9-df30e99b.jpg,10,3,Medium
